Scenario,Sector,Year,Value
BNEF-NEO-ETS_2020,Total,2020,28.15837918
BNEF-NEO-ETS_2020,Total,2021,29.20039995
BNEF-NEO-ETS_2020,Total,2022,30.10702442
BNEF-NEO-ETS_2020,Total,2023,30.21616185
BNEF-NEO-ETS_2020,Total,2024,30.45823135
BNEF-NEO-ETS_2020,Total,2025,30.49466344
BNEF-NEO-ETS_2020,Total,2026,30.72684028
BNEF-NEO-ETS_2020,Total,2027,30.84077701
BNEF-NEO-ETS_2020,Total,2028,30.80436528
BNEF-NEO-ETS_2020,Total,2029,30.75519651
BNEF-NEO-ETS_2020,Total,2030,30.53835435
BNEF-NEO-ETS_2020,Total,2031,30.66165753
BNEF-NEO-ETS_2020,Total,2032,30.36781659
BNEF-NEO-ETS_2020,Total,2033,29.86585966
BNEF-NEO-ETS_2020,Total,2034,29.58212502
BNEF-NEO-ETS_2020,Total,2035,29.15400263
BNEF-NEO-ETS_2020,Total,2036,28.40498131
BNEF-NEO-ETS_2020,Total,2037,27.73761594
BNEF-NEO-ETS_2020,Total,2038,27.05667594
BNEF-NEO-ETS_2020,Total,2039,26.24362829
BNEF-NEO-ETS_2020,Total,2040,25.51476495
BNEF-NEO-ETS_2020,Total,2041,24.74048993
BNEF-NEO-ETS_2020,Total,2042,23.96532082
BNEF-NEO-ETS_2020,Total,2043,23.26544759
BNEF-NEO-ETS_2020,Total,2044,22.92248416
BNEF-NEO-ETS_2020,Total,2045,22.38362183
BNEF-NEO-ETS_2020,Total,2046,21.90104912
BNEF-NEO-ETS_2020,Total,2047,21.2450492
BNEF-NEO-ETS_2020,Total,2048,20.73457518
BNEF-NEO-ETS_2020,Total,2049,20.30394631
BNEF-NEO-ETS_2020,Total,2050,19.88713508
BP-EO-NZ_2020,Total,2020,33.05714286
BP-EO-NZ_2020,Total,2021,32.68571429
BP-EO-NZ_2020,Total,2022,32.31428571
BP-EO-NZ_2020,Total,2023,31.94285714
BP-EO-NZ_2020,Total,2024,31.57142857
BP-EO-NZ_2020,Total,2025,31.2
BP-EO-NZ_2020,Total,2026,30.2
BP-EO-NZ_2020,Total,2027,29.2
BP-EO-NZ_2020,Total,2028,28.2
BP-EO-NZ_2020,Total,2029,27.2
BP-EO-NZ_2020,Total,2030,26.2
BP-EO-NZ_2020,Total,2031,24.3
BP-EO-NZ_2020,Total,2032,22.4
BP-EO-NZ_2020,Total,2033,20.5
BP-EO-NZ_2020,Total,2034,18.6
BP-EO-NZ_2020,Total,2035,16.7
BP-EO-NZ_2020,Total,2036,15.3
BP-EO-NZ_2020,Total,2037,13.9
BP-EO-NZ_2020,Total,2038,12.5
BP-EO-NZ_2020,Total,2039,11.1
BP-EO-NZ_2020,Total,2040,9.7
BP-EO-NZ_2020,Total,2041,8.76
BP-EO-NZ_2020,Total,2042,7.82
BP-EO-NZ_2020,Total,2043,6.88
BP-EO-NZ_2020,Total,2044,5.94
BP-EO-NZ_2020,Total,2045,5
BP-EO-NZ_2020,Total,2046,4.28
BP-EO-NZ_2020,Total,2047,3.56
BP-EO-NZ_2020,Total,2048,2.84
BP-EO-NZ_2020,Total,2049,2.12
BP-EO-NZ_2020,Total,2050,1.4
BP-EO-NZ_2020,Industry,2020,8.66875
BP-EO-NZ_2020,Industry,2021,8.403125
BP-EO-NZ_2020,Industry,2022,8.1375
BP-EO-NZ_2020,Industry,2023,7.871875
BP-EO-NZ_2020,Industry,2024,7.60625
BP-EO-NZ_2020,Industry,2025,7.340625
BP-EO-NZ_2020,Industry,2026,7.075
BP-EO-NZ_2020,Industry,2027,6.809375
BP-EO-NZ_2020,Industry,2028,6.54375
BP-EO-NZ_2020,Industry,2029,6.278125
BP-EO-NZ_2020,Industry,2030,6.0125
BP-EO-NZ_2020,Industry,2031,5.746875
BP-EO-NZ_2020,Industry,2032,5.48125
BP-EO-NZ_2020,Industry,2033,5.215625
BP-EO-NZ_2020,Industry,2034,4.95
BP-EO-NZ_2020,Industry,2035,4.684375
BP-EO-NZ_2020,Industry,2036,4.41875
BP-EO-NZ_2020,Industry,2037,4.153125
BP-EO-NZ_2020,Industry,2038,3.8875
BP-EO-NZ_2020,Industry,2039,3.621875
BP-EO-NZ_2020,Industry,2040,3.35625
BP-EO-NZ_2020,Industry,2041,3.090625
BP-EO-NZ_2020,Industry,2042,2.825
BP-EO-NZ_2020,Industry,2043,2.559375
BP-EO-NZ_2020,Industry,2044,2.29375
BP-EO-NZ_2020,Industry,2045,2.028125
BP-EO-NZ_2020,Industry,2046,1.7625
BP-EO-NZ_2020,Industry,2047,1.496875
BP-EO-NZ_2020,Industry,2048,1.23125
BP-EO-NZ_2020,Industry,2049,0.965625
BP-EO-NZ_2020,Industry,2050,0.7
BP-EO-NZ_2020,Transportation,2020,7.60625
BP-EO-NZ_2020,Transportation,2021,7.409375
BP-EO-NZ_2020,Transportation,2022,7.2125
BP-EO-NZ_2020,Transportation,2023,7.015625
BP-EO-NZ_2020,Transportation,2024,6.81875
BP-EO-NZ_2020,Transportation,2025,6.621875
BP-EO-NZ_2020,Transportation,2026,6.425
BP-EO-NZ_2020,Transportation,2027,6.228125
BP-EO-NZ_2020,Transportation,2028,6.03125
BP-EO-NZ_2020,Transportation,2029,5.834375
BP-EO-NZ_2020,Transportation,2030,5.6375
BP-EO-NZ_2020,Transportation,2031,5.440625
BP-EO-NZ_2020,Transportation,2032,5.24375
BP-EO-NZ_2020,Transportation,2033,5.046875
BP-EO-NZ_2020,Transportation,2034,4.85
BP-EO-NZ_2020,Transportation,2035,4.653125
BP-EO-NZ_2020,Transportation,2036,4.45625
BP-EO-NZ_2020,Transportation,2037,4.259375
BP-EO-NZ_2020,Transportation,2038,4.0625
BP-EO-NZ_2020,Transportation,2039,3.865625
BP-EO-NZ_2020,Transportation,2040,3.66875
BP-EO-NZ_2020,Transportation,2041,3.471875
BP-EO-NZ_2020,Transportation,2042,3.275
BP-EO-NZ_2020,Transportation,2043,3.078125
BP-EO-NZ_2020,Transportation,2044,2.88125
BP-EO-NZ_2020,Transportation,2045,2.684375
BP-EO-NZ_2020,Transportation,2046,2.4875
BP-EO-NZ_2020,Transportation,2047,2.290625
BP-EO-NZ_2020,Transportation,2048,2.09375
BP-EO-NZ_2020,Transportation,2049,1.896875
BP-EO-NZ_2020,Transportation,2050,1.7
BP-EO-NZ_2020,Buildings,2020,3.3875
BP-EO-NZ_2020,Buildings,2021,3.28125
BP-EO-NZ_2020,Buildings,2022,3.175
BP-EO-NZ_2020,Buildings,2023,3.06875
BP-EO-NZ_2020,Buildings,2024,2.9625
BP-EO-NZ_2020,Buildings,2025,2.85625
BP-EO-NZ_2020,Buildings,2026,2.75
BP-EO-NZ_2020,Buildings,2027,2.64375
BP-EO-NZ_2020,Buildings,2028,2.5375
BP-EO-NZ_2020,Buildings,2029,2.43125
BP-EO-NZ_2020,Buildings,2030,2.325
BP-EO-NZ_2020,Buildings,2031,2.21875
BP-EO-NZ_2020,Buildings,2032,2.1125
BP-EO-NZ_2020,Buildings,2033,2.00625
BP-EO-NZ_2020,Buildings,2034,1.9
BP-EO-NZ_2020,Buildings,2035,1.79375
BP-EO-NZ_2020,Buildings,2036,1.6875
BP-EO-NZ_2020,Buildings,2037,1.58125
BP-EO-NZ_2020,Buildings,2038,1.475
BP-EO-NZ_2020,Buildings,2039,1.36875
BP-EO-NZ_2020,Buildings,2040,1.2625
BP-EO-NZ_2020,Buildings,2041,1.15625
BP-EO-NZ_2020,Buildings,2042,1.05
BP-EO-NZ_2020,Buildings,2043,0.94375
BP-EO-NZ_2020,Buildings,2044,0.8375
BP-EO-NZ_2020,Buildings,2045,0.73125
BP-EO-NZ_2020,Buildings,2046,0.625
BP-EO-NZ_2020,Buildings,2047,0.51875
BP-EO-NZ_2020,Buildings,2048,0.4125
BP-EO-NZ_2020,Buildings,2049,0.30625
BP-EO-NZ_2020,Buildings,2050,0.2
SSP2-AIM-1.5C_2018,Total,2020,43.3380757
SSP2-AIM-1.5C_2018,Total,2021,41.01812336
SSP2-AIM-1.5C_2018,Total,2022,38.69817102
SSP2-AIM-1.5C_2018,Total,2023,36.37821868
SSP2-AIM-1.5C_2018,Total,2024,34.05826634
SSP2-AIM-1.5C_2018,Total,2025,31.738314
SSP2-AIM-1.5C_2018,Total,2026,29.41836166
SSP2-AIM-1.5C_2018,Total,2027,27.09840932
SSP2-AIM-1.5C_2018,Total,2028,24.77845698
SSP2-AIM-1.5C_2018,Total,2029,22.45850464
SSP2-AIM-1.5C_2018,Total,2030,20.1385523
SSP2-AIM-1.5C_2018,Total,2031,18.94701627
SSP2-AIM-1.5C_2018,Total,2032,17.75548024
SSP2-AIM-1.5C_2018,Total,2033,16.56394421
SSP2-AIM-1.5C_2018,Total,2034,15.37240818
SSP2-AIM-1.5C_2018,Total,2035,14.18087215
SSP2-AIM-1.5C_2018,Total,2036,12.98933612
SSP2-AIM-1.5C_2018,Total,2037,11.79780009
SSP2-AIM-1.5C_2018,Total,2038,10.60626406
SSP2-AIM-1.5C_2018,Total,2039,9.41472803
SSP2-AIM-1.5C_2018,Total,2040,8.223192
SSP2-AIM-1.5C_2018,Total,2041,7.44079655
SSP2-AIM-1.5C_2018,Total,2042,6.6584011
SSP2-AIM-1.5C_2018,Total,2043,5.87600565
SSP2-AIM-1.5C_2018,Total,2044,5.0936102
SSP2-AIM-1.5C_2018,Total,2045,4.31121475
SSP2-AIM-1.5C_2018,Total,2046,3.5288193
SSP2-AIM-1.5C_2018,Total,2047,2.74642385
SSP2-AIM-1.5C_2018,Total,2048,1.9640284
SSP2-AIM-1.5C_2018,Total,2049,1.18163295
SSP2-AIM-1.5C_2018,Total,2050,0.3992375
SSP2-AIM-1.5C_2018,Buildings,2020,4.5047351
SSP2-AIM-1.5C_2018,Buildings,2021,4.32389975
SSP2-AIM-1.5C_2018,Buildings,2022,4.1430644
SSP2-AIM-1.5C_2018,Buildings,2023,3.96222905
SSP2-AIM-1.5C_2018,Buildings,2024,3.7813937
SSP2-AIM-1.5C_2018,Buildings,2025,3.60055835
SSP2-AIM-1.5C_2018,Buildings,2026,3.419723
SSP2-AIM-1.5C_2018,Buildings,2027,3.23888765
SSP2-AIM-1.5C_2018,Buildings,2028,3.0580523
SSP2-AIM-1.5C_2018,Buildings,2029,2.87721695
SSP2-AIM-1.5C_2018,Buildings,2030,2.6963816
SSP2-AIM-1.5C_2018,Buildings,2031,2.57569249
SSP2-AIM-1.5C_2018,Buildings,2032,2.45500338
SSP2-AIM-1.5C_2018,Buildings,2033,2.33431427
SSP2-AIM-1.5C_2018,Buildings,2034,2.21362516
SSP2-AIM-1.5C_2018,Buildings,2035,2.09293605
SSP2-AIM-1.5C_2018,Buildings,2036,1.97224694
SSP2-AIM-1.5C_2018,Buildings,2037,1.85155783
SSP2-AIM-1.5C_2018,Buildings,2038,1.73086872
SSP2-AIM-1.5C_2018,Buildings,2039,1.61017961
SSP2-AIM-1.5C_2018,Buildings,2040,1.4894905
SSP2-AIM-1.5C_2018,Buildings,2041,1.44609392
SSP2-AIM-1.5C_2018,Buildings,2042,1.40269734
SSP2-AIM-1.5C_2018,Buildings,2043,1.35930076
SSP2-AIM-1.5C_2018,Buildings,2044,1.31590418
SSP2-AIM-1.5C_2018,Buildings,2045,1.2725076
SSP2-AIM-1.5C_2018,Buildings,2046,1.22911102
SSP2-AIM-1.5C_2018,Buildings,2047,1.18571444
SSP2-AIM-1.5C_2018,Buildings,2048,1.14231786
SSP2-AIM-1.5C_2018,Buildings,2049,1.09892128
SSP2-AIM-1.5C_2018,Buildings,2050,1.0555247
SSP2-AIM-1.5C_2018,Industry,2020,7.2368996
SSP2-AIM-1.5C_2018,Industry,2021,6.85035318
SSP2-AIM-1.5C_2018,Industry,2022,6.46380676
SSP2-AIM-1.5C_2018,Industry,2023,6.07726034
SSP2-AIM-1.5C_2018,Industry,2024,5.69071392
SSP2-AIM-1.5C_2018,Industry,2025,5.3041675
SSP2-AIM-1.5C_2018,Industry,2026,4.91762108
SSP2-AIM-1.5C_2018,Industry,2027,4.53107466
SSP2-AIM-1.5C_2018,Industry,2028,4.14452824
SSP2-AIM-1.5C_2018,Industry,2029,3.75798182
SSP2-AIM-1.5C_2018,Industry,2030,3.3714354
SSP2-AIM-1.5C_2018,Industry,2031,3.26243016
SSP2-AIM-1.5C_2018,Industry,2032,3.15342492
SSP2-AIM-1.5C_2018,Industry,2033,3.04441968
SSP2-AIM-1.5C_2018,Industry,2034,2.93541444
SSP2-AIM-1.5C_2018,Industry,2035,2.8264092
SSP2-AIM-1.5C_2018,Industry,2036,2.71740396
SSP2-AIM-1.5C_2018,Industry,2037,2.60839872
SSP2-AIM-1.5C_2018,Industry,2038,2.49939348
SSP2-AIM-1.5C_2018,Industry,2039,2.39038824
SSP2-AIM-1.5C_2018,Industry,2040,2.281383
SSP2-AIM-1.5C_2018,Industry,2041,2.23485817
SSP2-AIM-1.5C_2018,Industry,2042,2.18833334
SSP2-AIM-1.5C_2018,Industry,2043,2.14180851
SSP2-AIM-1.5C_2018,Industry,2044,2.09528368
SSP2-AIM-1.5C_2018,Industry,2045,2.04875885
SSP2-AIM-1.5C_2018,Industry,2046,2.00223402
SSP2-AIM-1.5C_2018,Industry,2047,1.95570919
SSP2-AIM-1.5C_2018,Industry,2048,1.90918436
SSP2-AIM-1.5C_2018,Industry,2049,1.86265953
SSP2-AIM-1.5C_2018,Industry,2050,1.8161347
PBL-IMAGE-LowNET_2018,Transportation,2020,6.262971191
PBL-IMAGE-LowNET_2018,Transportation,2021,6.114188379
PBL-IMAGE-LowNET_2018,Transportation,2022,5.965405566
PBL-IMAGE-LowNET_2018,Transportation,2023,5.816622754
PBL-IMAGE-LowNET_2018,Transportation,2024,5.667839941
PBL-IMAGE-LowNET_2018,Transportation,2025,5.519057129
PBL-IMAGE-LowNET_2018,Transportation,2026,5.278940527
PBL-IMAGE-LowNET_2018,Transportation,2027,5.038823926
PBL-IMAGE-LowNET_2018,Transportation,2028,4.798707324
PBL-IMAGE-LowNET_2018,Transportation,2029,4.558590723
PBL-IMAGE-LowNET_2018,Transportation,2030,4.318474121
PBL-IMAGE-LowNET_2018,Transportation,2031,4.072771289
PBL-IMAGE-LowNET_2018,Transportation,2032,3.827068457
PBL-IMAGE-LowNET_2018,Transportation,2033,3.581365625
PBL-IMAGE-LowNET_2018,Transportation,2034,3.335662793
PBL-IMAGE-LowNET_2018,Transportation,2035,3.089959961
PBL-IMAGE-LowNET_2018,Transportation,2036,2.905726758
PBL-IMAGE-LowNET_2018,Transportation,2037,2.721493555
PBL-IMAGE-LowNET_2018,Transportation,2038,2.537260351
PBL-IMAGE-LowNET_2018,Transportation,2039,2.353027148
PBL-IMAGE-LowNET_2018,Transportation,2040,2.168793945
PBL-IMAGE-LowNET_2018,Transportation,2041,2.034161352
PBL-IMAGE-LowNET_2018,Transportation,2042,1.899528759
PBL-IMAGE-LowNET_2018,Transportation,2043,1.764896167
PBL-IMAGE-LowNET_2018,Transportation,2044,1.630263574
PBL-IMAGE-LowNET_2018,Transportation,2045,1.495630981
PBL-IMAGE-LowNET_2018,Transportation,2046,1.41948999
PBL-IMAGE-LowNET_2018,Transportation,2047,1.343348999
PBL-IMAGE-LowNET_2018,Transportation,2048,1.267208007
PBL-IMAGE-LowNET_2018,Transportation,2049,1.191067016
PBL-IMAGE-LowNET_2018,Transportation,2050,1.114926025
PBL-IMAGE-LowNET_2018,Total,2020,34.18911361
PBL-IMAGE-LowNET_2018,Total,2021,32.69153558
PBL-IMAGE-LowNET_2018,Total,2022,31.19395755
PBL-IMAGE-LowNET_2018,Total,2023,29.69637953
PBL-IMAGE-LowNET_2018,Total,2024,28.1988015
PBL-IMAGE-LowNET_2018,Total,2025,26.70122347
PBL-IMAGE-LowNET_2018,Total,2026,25.02173831
PBL-IMAGE-LowNET_2018,Total,2027,23.34225316
PBL-IMAGE-LowNET_2018,Total,2028,21.662768
PBL-IMAGE-LowNET_2018,Total,2029,19.98328285
PBL-IMAGE-LowNET_2018,Total,2030,18.30379769
PBL-IMAGE-LowNET_2018,Total,2031,16.65324196
PBL-IMAGE-LowNET_2018,Total,2032,15.00268623
PBL-IMAGE-LowNET_2018,Total,2033,13.3521305
PBL-IMAGE-LowNET_2018,Total,2034,11.70157477
PBL-IMAGE-LowNET_2018,Total,2035,10.05101904
PBL-IMAGE-LowNET_2018,Total,2036,9.022837278
PBL-IMAGE-LowNET_2018,Total,2037,7.994655516
PBL-IMAGE-LowNET_2018,Total,2038,6.966473754
PBL-IMAGE-LowNET_2018,Total,2039,5.938291992
PBL-IMAGE-LowNET_2018,Total,2040,4.91011023
PBL-IMAGE-LowNET_2018,Total,2041,4.062280631
PBL-IMAGE-LowNET_2018,Total,2042,3.214451032
PBL-IMAGE-LowNET_2018,Total,2043,2.366621433
PBL-IMAGE-LowNET_2018,Total,2044,1.518791834
PBL-IMAGE-LowNET_2018,Total,2045,0.670962235
PBL-IMAGE-LowNET_2018,Total,2046,0.082780774
PBL-IMAGE-LowNET_2018,Total,2047,-0.505400687
PBL-IMAGE-LowNET_2018,Total,2048,-1.093582148
PBL-IMAGE-LowNET_2018,Total,2049,-1.681763608
PBL-IMAGE-LowNET_2018,Total,2050,-2.269945069
PBL-IMAGE-LowNET_2018,Buildings,2020,2.922775024
PBL-IMAGE-LowNET_2018,Buildings,2021,2.855263208
PBL-IMAGE-LowNET_2018,Buildings,2022,2.787751391
PBL-IMAGE-LowNET_2018,Buildings,2023,2.720239575
PBL-IMAGE-LowNET_2018,Buildings,2024,2.652727758
PBL-IMAGE-LowNET_2018,Buildings,2025,2.585215942
PBL-IMAGE-LowNET_2018,Buildings,2026,2.552338195
PBL-IMAGE-LowNET_2018,Buildings,2027,2.519460449
PBL-IMAGE-LowNET_2018,Buildings,2028,2.486582702
PBL-IMAGE-LowNET_2018,Buildings,2029,2.453704956
PBL-IMAGE-LowNET_2018,Buildings,2030,2.420827209
PBL-IMAGE-LowNET_2018,Buildings,2031,2.380998816
PBL-IMAGE-LowNET_2018,Buildings,2032,2.341170422
PBL-IMAGE-LowNET_2018,Buildings,2033,2.301342029
PBL-IMAGE-LowNET_2018,Buildings,2034,2.261513635
PBL-IMAGE-LowNET_2018,Buildings,2035,2.221685242
PBL-IMAGE-LowNET_2018,Buildings,2036,2.162149756
PBL-IMAGE-LowNET_2018,Buildings,2037,2.10261427
PBL-IMAGE-LowNET_2018,Buildings,2038,2.043078785
PBL-IMAGE-LowNET_2018,Buildings,2039,1.983543299
PBL-IMAGE-LowNET_2018,Buildings,2040,1.924007813
PBL-IMAGE-LowNET_2018,Buildings,2041,1.862302344
PBL-IMAGE-LowNET_2018,Buildings,2042,1.800596875
PBL-IMAGE-LowNET_2018,Buildings,2043,1.738891407
PBL-IMAGE-LowNET_2018,Buildings,2044,1.677185938
PBL-IMAGE-LowNET_2018,Buildings,2045,1.615480469
PBL-IMAGE-LowNET_2018,Buildings,2046,1.568161133
PBL-IMAGE-LowNET_2018,Buildings,2047,1.520841797
PBL-IMAGE-LowNET_2018,Buildings,2048,1.473522461
PBL-IMAGE-LowNET_2018,Buildings,2049,1.426203125
PBL-IMAGE-LowNET_2018,Buildings,2050,1.378883789
PBL-IMAGE-LowNET_2018,Industry,2020,6.120208398
PBL-IMAGE-LowNET_2018,Industry,2021,5.902381752
PBL-IMAGE-LowNET_2018,Industry,2022,5.684555107
PBL-IMAGE-LowNET_2018,Industry,2023,5.466728461
PBL-IMAGE-LowNET_2018,Industry,2024,5.248901816
PBL-IMAGE-LowNET_2018,Industry,2025,5.03107517
PBL-IMAGE-LowNET_2018,Industry,2026,4.836133348
PBL-IMAGE-LowNET_2018,Industry,2027,4.641191526
PBL-IMAGE-LowNET_2018,Industry,2028,4.446249705
PBL-IMAGE-LowNET_2018,Industry,2029,4.251307883
PBL-IMAGE-LowNET_2018,Industry,2030,4.056366061
PBL-IMAGE-LowNET_2018,Industry,2031,3.811518362
PBL-IMAGE-LowNET_2018,Industry,2032,3.566670663
PBL-IMAGE-LowNET_2018,Industry,2033,3.321822964
PBL-IMAGE-LowNET_2018,Industry,2034,3.076975265
PBL-IMAGE-LowNET_2018,Industry,2035,2.832127566
PBL-IMAGE-LowNET_2018,Industry,2036,2.630546856
PBL-IMAGE-LowNET_2018,Industry,2037,2.428966147
PBL-IMAGE-LowNET_2018,Industry,2038,2.227385437
PBL-IMAGE-LowNET_2018,Industry,2039,2.025804728
PBL-IMAGE-LowNET_2018,Industry,2040,1.824224018
PBL-IMAGE-LowNET_2018,Industry,2041,1.693508081
PBL-IMAGE-LowNET_2018,Industry,2042,1.562792144
PBL-IMAGE-LowNET_2018,Industry,2043,1.432076206
PBL-IMAGE-LowNET_2018,Industry,2044,1.301360269
PBL-IMAGE-LowNET_2018,Industry,2045,1.170644332
PBL-IMAGE-LowNET_2018,Industry,2046,1.111368474
PBL-IMAGE-LowNET_2018,Industry,2047,1.052092616
PBL-IMAGE-LowNET_2018,Industry,2048,0.992816758
PBL-IMAGE-LowNET_2018,Industry,2049,0.933540899
PBL-IMAGE-LowNET_2018,Industry,2050,0.874265041
IIASA-MESSAGE-LED_2018,Industry,2020,6.43877896
IIASA-MESSAGE-LED_2018,Industry,2021,6.075499022
IIASA-MESSAGE-LED_2018,Industry,2022,5.712219084
IIASA-MESSAGE-LED_2018,Industry,2023,5.348939145
IIASA-MESSAGE-LED_2018,Industry,2024,4.985659207
IIASA-MESSAGE-LED_2018,Industry,2025,4.622379269
IIASA-MESSAGE-LED_2018,Industry,2026,4.259099331
IIASA-MESSAGE-LED_2018,Industry,2027,3.895819393
IIASA-MESSAGE-LED_2018,Industry,2028,3.532539454
IIASA-MESSAGE-LED_2018,Industry,2029,3.169259516
IIASA-MESSAGE-LED_2018,Industry,2030,2.805979578
IIASA-MESSAGE-LED_2018,Industry,2031,2.634340907
IIASA-MESSAGE-LED_2018,Industry,2032,2.462702235
IIASA-MESSAGE-LED_2018,Industry,2033,2.291063564
IIASA-MESSAGE-LED_2018,Industry,2034,2.119424892
IIASA-MESSAGE-LED_2018,Industry,2035,1.947786221
IIASA-MESSAGE-LED_2018,Industry,2036,1.77614755
IIASA-MESSAGE-LED_2018,Industry,2037,1.604508878
IIASA-MESSAGE-LED_2018,Industry,2038,1.432870207
IIASA-MESSAGE-LED_2018,Industry,2039,1.261231535
IIASA-MESSAGE-LED_2018,Industry,2040,1.089592864
IIASA-MESSAGE-LED_2018,Industry,2041,1.022423504
IIASA-MESSAGE-LED_2018,Industry,2042,0.955254144
IIASA-MESSAGE-LED_2018,Industry,2043,0.888084784
IIASA-MESSAGE-LED_2018,Industry,2044,0.820915424
IIASA-MESSAGE-LED_2018,Industry,2045,0.753746064
IIASA-MESSAGE-LED_2018,Industry,2046,0.686576704
IIASA-MESSAGE-LED_2018,Industry,2047,0.619407344
IIASA-MESSAGE-LED_2018,Industry,2048,0.552237985
IIASA-MESSAGE-LED_2018,Industry,2049,0.485068625
IIASA-MESSAGE-LED_2018,Industry,2050,0.417899265
IIASA-MESSAGE-LED_2018,Buildings,2020,2.820667018
IIASA-MESSAGE-LED_2018,Buildings,2021,2.672127307
IIASA-MESSAGE-LED_2018,Buildings,2022,2.523587595
IIASA-MESSAGE-LED_2018,Buildings,2023,2.375047884
IIASA-MESSAGE-LED_2018,Buildings,2024,2.226508173
IIASA-MESSAGE-LED_2018,Buildings,2025,2.077968461
IIASA-MESSAGE-LED_2018,Buildings,2026,1.92942875
IIASA-MESSAGE-LED_2018,Buildings,2027,1.780889039
IIASA-MESSAGE-LED_2018,Buildings,2028,1.632349327
IIASA-MESSAGE-LED_2018,Buildings,2029,1.483809616
IIASA-MESSAGE-LED_2018,Buildings,2030,1.335269905
IIASA-MESSAGE-LED_2018,Buildings,2031,1.249199775
IIASA-MESSAGE-LED_2018,Buildings,2032,1.163129645
IIASA-MESSAGE-LED_2018,Buildings,2033,1.077059516
IIASA-MESSAGE-LED_2018,Buildings,2034,0.990989386
IIASA-MESSAGE-LED_2018,Buildings,2035,0.904919256
IIASA-MESSAGE-LED_2018,Buildings,2036,0.818849126
IIASA-MESSAGE-LED_2018,Buildings,2037,0.732778997
IIASA-MESSAGE-LED_2018,Buildings,2038,0.646708867
IIASA-MESSAGE-LED_2018,Buildings,2039,0.560638737
IIASA-MESSAGE-LED_2018,Buildings,2040,0.474568608
IIASA-MESSAGE-LED_2018,Buildings,2041,0.443710242
IIASA-MESSAGE-LED_2018,Buildings,2042,0.412851877
IIASA-MESSAGE-LED_2018,Buildings,2043,0.381993512
IIASA-MESSAGE-LED_2018,Buildings,2044,0.351135146
IIASA-MESSAGE-LED_2018,Buildings,2045,0.320276781
IIASA-MESSAGE-LED_2018,Buildings,2046,0.289418416
IIASA-MESSAGE-LED_2018,Buildings,2047,0.25856005
IIASA-MESSAGE-LED_2018,Buildings,2048,0.227701685
IIASA-MESSAGE-LED_2018,Buildings,2049,0.19684332
IIASA-MESSAGE-LED_2018,Buildings,2050,0.165984954
CWF-GCAM-CWF_2020,Industry,2020,6.9182
CWF-GCAM-CWF_2020,Industry,2021,6.63594
CWF-GCAM-CWF_2020,Industry,2022,6.35368
CWF-GCAM-CWF_2020,Industry,2023,6.07142
CWF-GCAM-CWF_2020,Industry,2024,5.78916
CWF-GCAM-CWF_2020,Industry,2025,5.5069
CWF-GCAM-CWF_2020,Industry,2026,5.213822
CWF-GCAM-CWF_2020,Industry,2027,4.920744
CWF-GCAM-CWF_2020,Industry,2028,4.627666
CWF-GCAM-CWF_2020,Industry,2029,4.334588
CWF-GCAM-CWF_2020,Industry,2030,4.04151
CWF-GCAM-CWF_2020,Industry,2031,3.953274
CWF-GCAM-CWF_2020,Industry,2032,3.865038
CWF-GCAM-CWF_2020,Industry,2033,3.776802
CWF-GCAM-CWF_2020,Industry,2034,3.688566
CWF-GCAM-CWF_2020,Industry,2035,3.60033
CWF-GCAM-CWF_2020,Industry,2036,3.495736
CWF-GCAM-CWF_2020,Industry,2037,3.391142
CWF-GCAM-CWF_2020,Industry,2038,3.286548
CWF-GCAM-CWF_2020,Industry,2039,3.181954
CWF-GCAM-CWF_2020,Industry,2040,3.07736
CWF-GCAM-CWF_2020,Industry,2041,3.039358
CWF-GCAM-CWF_2020,Industry,2042,3.001356
CWF-GCAM-CWF_2020,Industry,2043,2.963354
CWF-GCAM-CWF_2020,Industry,2044,2.925352
CWF-GCAM-CWF_2020,Industry,2045,2.88735
CWF-GCAM-CWF_2020,Industry,2046,2.857572
CWF-GCAM-CWF_2020,Industry,2047,2.827794
CWF-GCAM-CWF_2020,Industry,2048,2.798016
CWF-GCAM-CWF_2020,Industry,2049,2.768238
CWF-GCAM-CWF_2020,Industry,2050,2.73846
CWF-GCAM-CWF_2020,Buildings,2020,4.119792034
CWF-GCAM-CWF_2020,Buildings,2021,3.974759221
CWF-GCAM-CWF_2020,Buildings,2022,3.829726407
CWF-GCAM-CWF_2020,Buildings,2023,3.684693593
CWF-GCAM-CWF_2020,Buildings,2024,3.539660779
CWF-GCAM-CWF_2020,Buildings,2025,3.394627966
CWF-GCAM-CWF_2020,Buildings,2026,3.273154914
CWF-GCAM-CWF_2020,Buildings,2027,3.151681862
CWF-GCAM-CWF_2020,Buildings,2028,3.03020881
CWF-GCAM-CWF_2020,Buildings,2029,2.908735758
CWF-GCAM-CWF_2020,Buildings,2030,2.787262706
CWF-GCAM-CWF_2020,Buildings,2031,2.765286695
CWF-GCAM-CWF_2020,Buildings,2032,2.743310684
CWF-GCAM-CWF_2020,Buildings,2033,2.721334673
CWF-GCAM-CWF_2020,Buildings,2034,2.699358661
CWF-GCAM-CWF_2020,Buildings,2035,2.67738265
CWF-GCAM-CWF_2020,Buildings,2036,2.634582218
CWF-GCAM-CWF_2020,Buildings,2037,2.591781787
CWF-GCAM-CWF_2020,Buildings,2038,2.548981355
CWF-GCAM-CWF_2020,Buildings,2039,2.506180923
CWF-GCAM-CWF_2020,Buildings,2040,2.463380492
CWF-GCAM-CWF_2020,Buildings,2041,2.456338245
CWF-GCAM-CWF_2020,Buildings,2042,2.449295998
CWF-GCAM-CWF_2020,Buildings,2043,2.442253751
CWF-GCAM-CWF_2020,Buildings,2044,2.435211504
CWF-GCAM-CWF_2020,Buildings,2045,2.428169257
CWF-GCAM-CWF_2020,Buildings,2046,2.422517885
CWF-GCAM-CWF_2020,Buildings,2047,2.416866513
CWF-GCAM-CWF_2020,Buildings,2048,2.411215141
CWF-GCAM-CWF_2020,Buildings,2049,2.40556377
CWF-GCAM-CWF_2020,Buildings,2050,2.399912398
Shell-ETS-Sky1.5_2021,Industry,2020,8.284855266
Shell-ETS-Sky1.5_2021,Industry,2021,8.726764519
Shell-ETS-Sky1.5_2021,Industry,2022,8.782735627
Shell-ETS-Sky1.5_2021,Industry,2023,8.854765299
Shell-ETS-Sky1.5_2021,Industry,2024,8.93026571
Shell-ETS-Sky1.5_2021,Industry,2025,9.009612706
Shell-ETS-Sky1.5_2021,Industry,2026,9.031414005
Shell-ETS-Sky1.5_2021,Industry,2027,9.053215305
Shell-ETS-Sky1.5_2021,Industry,2028,9.075016604
Shell-ETS-Sky1.5_2021,Industry,2029,9.096817903
Shell-ETS-Sky1.5_2021,Industry,2030,9.118619203
Shell-ETS-Sky1.5_2021,Industry,2031,9.080286254
Shell-ETS-Sky1.5_2021,Industry,2032,9.041953304
Shell-ETS-Sky1.5_2021,Industry,2033,9.003620355
Shell-ETS-Sky1.5_2021,Industry,2034,8.965287406
Shell-ETS-Sky1.5_2021,Industry,2035,8.926954457
Shell-ETS-Sky1.5_2021,Industry,2036,8.852081665
Shell-ETS-Sky1.5_2021,Industry,2037,8.777208874
Shell-ETS-Sky1.5_2021,Industry,2038,8.702336082
Shell-ETS-Sky1.5_2021,Industry,2039,8.627463291
Shell-ETS-Sky1.5_2021,Industry,2040,8.552590499
Shell-ETS-Sky1.5_2021,Industry,2041,8.37037889
Shell-ETS-Sky1.5_2021,Industry,2042,8.18816728
Shell-ETS-Sky1.5_2021,Industry,2043,8.005955671
Shell-ETS-Sky1.5_2021,Industry,2044,7.823744061
Shell-ETS-Sky1.5_2021,Industry,2045,7.641532452
Shell-ETS-Sky1.5_2021,Industry,2046,7.482203518
Shell-ETS-Sky1.5_2021,Industry,2047,7.322874585
Shell-ETS-Sky1.5_2021,Industry,2048,7.163545651
Shell-ETS-Sky1.5_2021,Industry,2049,7.004216718
Shell-ETS-Sky1.5_2021,Industry,2050,6.844887784
Shell-ETS-Sky1.5_2021,Buildings,2020,3.13081922
Shell-ETS-Sky1.5_2021,Buildings,2021,2.986274849
Shell-ETS-Sky1.5_2021,Buildings,2022,2.975110793
Shell-ETS-Sky1.5_2021,Buildings,2023,2.923983021
Shell-ETS-Sky1.5_2021,Buildings,2024,2.871883713
Shell-ETS-Sky1.5_2021,Buildings,2025,2.81327622
Shell-ETS-Sky1.5_2021,Buildings,2026,2.752220715
Shell-ETS-Sky1.5_2021,Buildings,2027,2.691165211
Shell-ETS-Sky1.5_2021,Buildings,2028,2.630109707
Shell-ETS-Sky1.5_2021,Buildings,2029,2.569054202
Shell-ETS-Sky1.5_2021,Buildings,2030,2.507998698
Shell-ETS-Sky1.5_2021,Buildings,2031,2.439760691
Shell-ETS-Sky1.5_2021,Buildings,2032,2.371522684
Shell-ETS-Sky1.5_2021,Buildings,2033,2.303284677
Shell-ETS-Sky1.5_2021,Buildings,2034,2.235046671
Shell-ETS-Sky1.5_2021,Buildings,2035,2.166808664
Shell-ETS-Sky1.5_2021,Buildings,2036,2.082210112
Shell-ETS-Sky1.5_2021,Buildings,2037,1.997611561
Shell-ETS-Sky1.5_2021,Buildings,2038,1.91301301
Shell-ETS-Sky1.5_2021,Buildings,2039,1.828414458
Shell-ETS-Sky1.5_2021,Buildings,2040,1.743815907
Shell-ETS-Sky1.5_2021,Buildings,2041,1.67322035
Shell-ETS-Sky1.5_2021,Buildings,2042,1.602624792
Shell-ETS-Sky1.5_2021,Buildings,2043,1.532029235
Shell-ETS-Sky1.5_2021,Buildings,2044,1.461433678
Shell-ETS-Sky1.5_2021,Buildings,2045,1.39083812
Shell-ETS-Sky1.5_2021,Buildings,2046,1.333102287
Shell-ETS-Sky1.5_2021,Buildings,2047,1.275366453
Shell-ETS-Sky1.5_2021,Buildings,2048,1.21763062
Shell-ETS-Sky1.5_2021,Buildings,2049,1.159894786
Shell-ETS-Sky1.5_2021,Buildings,2050,1.102158952
Shell-ETS-Sky1.5_2021,Transportation,2020,3.289740787
Shell-ETS-Sky1.5_2021,Transportation,2021,3.624874849
Shell-ETS-Sky1.5_2021,Transportation,2022,3.675171267
Shell-ETS-Sky1.5_2021,Transportation,2023,3.703335061
Shell-ETS-Sky1.5_2021,Transportation,2024,3.75383423
Shell-ETS-Sky1.5_2021,Transportation,2025,3.813607153
Shell-ETS-Sky1.5_2021,Transportation,2026,3.861313687
Shell-ETS-Sky1.5_2021,Transportation,2027,3.909020221
Shell-ETS-Sky1.5_2021,Transportation,2028,3.956726756
Shell-ETS-Sky1.5_2021,Transportation,2029,4.00443329
Shell-ETS-Sky1.5_2021,Transportation,2030,4.052139824
Shell-ETS-Sky1.5_2021,Transportation,2031,4.110383492
Shell-ETS-Sky1.5_2021,Transportation,2032,4.168627161
Shell-ETS-Sky1.5_2021,Transportation,2033,4.226870829
Shell-ETS-Sky1.5_2021,Transportation,2034,4.285114498
Shell-ETS-Sky1.5_2021,Transportation,2035,4.343358166
Shell-ETS-Sky1.5_2021,Transportation,2036,4.38219455
Shell-ETS-Sky1.5_2021,Transportation,2037,4.421030935
Shell-ETS-Sky1.5_2021,Transportation,2038,4.459867319
Shell-ETS-Sky1.5_2021,Transportation,2039,4.498703703
Shell-ETS-Sky1.5_2021,Transportation,2040,4.537540088
Shell-ETS-Sky1.5_2021,Transportation,2041,4.560217396
Shell-ETS-Sky1.5_2021,Transportation,2042,4.582894705
Shell-ETS-Sky1.5_2021,Transportation,2043,4.605572014
Shell-ETS-Sky1.5_2021,Transportation,2044,4.628249323
Shell-ETS-Sky1.5_2021,Transportation,2045,4.650926631
Shell-ETS-Sky1.5_2021,Transportation,2046,4.659596985
Shell-ETS-Sky1.5_2021,Transportation,2047,4.668267338
Shell-ETS-Sky1.5_2021,Transportation,2048,4.676937691
Shell-ETS-Sky1.5_2021,Transportation,2049,4.685608044
Shell-ETS-Sky1.5_2021,Transportation,2050,4.694278398
IEA-NZ-NZE_2021,Industry,2020,8.478
IEA-NZ-NZE_2021,Industry,2021,8.3194
IEA-NZ-NZE_2021,Industry,2022,8.1608
IEA-NZ-NZE_2021,Industry,2023,8.0022
IEA-NZ-NZE_2021,Industry,2024,7.8436
IEA-NZ-NZE_2021,Industry,2025,7.685
IEA-NZ-NZE_2021,Industry,2026,7.5264
IEA-NZ-NZE_2021,Industry,2027,7.3678
IEA-NZ-NZE_2021,Industry,2028,7.2092
IEA-NZ-NZE_2021,Industry,2029,7.0506
IEA-NZ-NZE_2021,Industry,2030,6.892
IEA-NZ-NZE_2021,Industry,2031,6.5513
IEA-NZ-NZE_2021,Industry,2032,6.2106
IEA-NZ-NZE_2021,Industry,2033,5.8699
IEA-NZ-NZE_2021,Industry,2034,5.5292
IEA-NZ-NZE_2021,Industry,2035,5.1885
IEA-NZ-NZE_2021,Industry,2036,4.8478
IEA-NZ-NZE_2021,Industry,2037,4.5071
IEA-NZ-NZE_2021,Industry,2038,4.1664
IEA-NZ-NZE_2021,Industry,2039,3.8257
IEA-NZ-NZE_2021,Industry,2040,3.485
IEA-NZ-NZE_2021,Industry,2041,3.1884
IEA-NZ-NZE_2021,Industry,2042,2.8918
IEA-NZ-NZE_2021,Industry,2043,2.5952
IEA-NZ-NZE_2021,Industry,2044,2.2986
IEA-NZ-NZE_2021,Industry,2045,2.002
IEA-NZ-NZE_2021,Industry,2046,1.7054
IEA-NZ-NZE_2021,Industry,2047,1.4088
IEA-NZ-NZE_2021,Industry,2048,1.1122
IEA-NZ-NZE_2021,Industry,2049,0.8156
IEA-NZ-NZE_2021,Industry,2050,0.519
IEA-NZ-NZE_2021,Buildings,2020,2.86
IEA-NZ-NZE_2021,Buildings,2021,2.7549
IEA-NZ-NZE_2021,Buildings,2022,2.6498
IEA-NZ-NZE_2021,Buildings,2023,2.5447
IEA-NZ-NZE_2021,Buildings,2024,2.4396
IEA-NZ-NZE_2021,Buildings,2025,2.3345
IEA-NZ-NZE_2021,Buildings,2026,2.2294
IEA-NZ-NZE_2021,Buildings,2027,2.1243
IEA-NZ-NZE_2021,Buildings,2028,2.0192
IEA-NZ-NZE_2021,Buildings,2029,1.9141
IEA-NZ-NZE_2021,Buildings,2030,1.809
IEA-NZ-NZE_2021,Buildings,2031,1.6966
IEA-NZ-NZE_2021,Buildings,2032,1.5842
IEA-NZ-NZE_2021,Buildings,2033,1.4718
IEA-NZ-NZE_2021,Buildings,2034,1.3594
IEA-NZ-NZE_2021,Buildings,2035,1.247
IEA-NZ-NZE_2021,Buildings,2036,1.1346
IEA-NZ-NZE_2021,Buildings,2037,1.0222
IEA-NZ-NZE_2021,Buildings,2038,0.9098
IEA-NZ-NZE_2021,Buildings,2039,0.7974
IEA-NZ-NZE_2021,Buildings,2040,0.685
IEA-NZ-NZE_2021,Buildings,2041,0.6287
IEA-NZ-NZE_2021,Buildings,2042,0.5724
IEA-NZ-NZE_2021,Buildings,2043,0.5161
IEA-NZ-NZE_2021,Buildings,2044,0.4598
IEA-NZ-NZE_2021,Buildings,2045,0.4035
IEA-NZ-NZE_2021,Buildings,2046,0.3472
IEA-NZ-NZE_2021,Buildings,2047,0.2909
IEA-NZ-NZE_2021,Buildings,2048,0.2346
IEA-NZ-NZE_2021,Buildings,2049,0.1783
IEA-NZ-NZE_2021,Buildings,2050,0.122
IEA-NZ-NZE_2021,Transportation,2020,7.153
IEA-NZ-NZE_2021,Transportation,2021,7.0096
IEA-NZ-NZE_2021,Transportation,2022,6.8662
IEA-NZ-NZE_2021,Transportation,2023,6.7228
IEA-NZ-NZE_2021,Transportation,2024,6.5794
IEA-NZ-NZE_2021,Transportation,2025,6.436
IEA-NZ-NZE_2021,Transportation,2026,6.2926
IEA-NZ-NZE_2021,Transportation,2027,6.1492
IEA-NZ-NZE_2021,Transportation,2028,6.0058
IEA-NZ-NZE_2021,Transportation,2029,5.8624
IEA-NZ-NZE_2021,Transportation,2030,5.719
IEA-NZ-NZE_2021,Transportation,2031,5.4157
IEA-NZ-NZE_2021,Transportation,2032,5.1124
IEA-NZ-NZE_2021,Transportation,2033,4.8091
IEA-NZ-NZE_2021,Transportation,2034,4.5058
IEA-NZ-NZE_2021,Transportation,2035,4.2025
IEA-NZ-NZE_2021,Transportation,2036,3.8992
IEA-NZ-NZE_2021,Transportation,2037,3.5959
IEA-NZ-NZE_2021,Transportation,2038,3.2926
IEA-NZ-NZE_2021,Transportation,2039,2.9893
IEA-NZ-NZE_2021,Transportation,2040,2.686
IEA-NZ-NZE_2021,Transportation,2041,2.4863
IEA-NZ-NZE_2021,Transportation,2042,2.2866
IEA-NZ-NZE_2021,Transportation,2043,2.0869
IEA-NZ-NZE_2021,Transportation,2044,1.8872
IEA-NZ-NZE_2021,Transportation,2045,1.6875
IEA-NZ-NZE_2021,Transportation,2046,1.4878
IEA-NZ-NZE_2021,Transportation,2047,1.2881
IEA-NZ-NZE_2021,Transportation,2048,1.0884
IEA-NZ-NZE_2021,Transportation,2049,0.8887
IEA-NZ-NZE_2021,Transportation,2050,0.689
BNEF-NEO-Gray_2021,Buildings,2020,8.103
BNEF-NEO-Gray_2021,Buildings,2021,8.297
BNEF-NEO-Gray_2021,Buildings,2022,8.256
BNEF-NEO-Gray_2021,Buildings,2023,8.088
BNEF-NEO-Gray_2021,Buildings,2024,7.914
BNEF-NEO-Gray_2021,Buildings,2025,7.57
BNEF-NEO-Gray_2021,Buildings,2026,7.169
BNEF-NEO-Gray_2021,Buildings,2027,6.735
BNEF-NEO-Gray_2021,Buildings,2028,6.075
BNEF-NEO-Gray_2021,Buildings,2029,5.351
BNEF-NEO-Gray_2021,Buildings,2030,4.724
BNEF-NEO-Gray_2021,Buildings,2031,4.301
BNEF-NEO-Gray_2021,Buildings,2032,3.944
BNEF-NEO-Gray_2021,Buildings,2033,3.656
BNEF-NEO-Gray_2021,Buildings,2034,3.373
BNEF-NEO-Gray_2021,Buildings,2035,3.121
BNEF-NEO-Gray_2021,Buildings,2036,2.875
BNEF-NEO-Gray_2021,Buildings,2037,2.646
BNEF-NEO-Gray_2021,Buildings,2038,2.431
BNEF-NEO-Gray_2021,Buildings,2039,2.227
BNEF-NEO-Gray_2021,Buildings,2040,2.052
BNEF-NEO-Gray_2021,Buildings,2041,1.883
BNEF-NEO-Gray_2021,Buildings,2042,1.716
BNEF-NEO-Gray_2021,Buildings,2043,1.555
BNEF-NEO-Gray_2021,Buildings,2044,1.397
BNEF-NEO-Gray_2021,Buildings,2045,1.236
BNEF-NEO-Gray_2021,Buildings,2046,1.078
BNEF-NEO-Gray_2021,Buildings,2047,0.914
BNEF-NEO-Gray_2021,Buildings,2048,0.762
BNEF-NEO-Gray_2021,Buildings,2049,0.609
BNEF-NEO-Gray_2021,Buildings,2050,0.396
BNEF-NEO-Gray_2021,Transportation,2020,7.078
BNEF-NEO-Gray_2021,Transportation,2021,7.825
BNEF-NEO-Gray_2021,Transportation,2022,8.282
BNEF-NEO-Gray_2021,Transportation,2023,8.384
BNEF-NEO-Gray_2021,Transportation,2024,8.474
BNEF-NEO-Gray_2021,Transportation,2025,8.493
BNEF-NEO-Gray_2021,Transportation,2026,8.456
BNEF-NEO-Gray_2021,Transportation,2027,8.367
BNEF-NEO-Gray_2021,Transportation,2028,8.189
BNEF-NEO-Gray_2021,Transportation,2029,7.949
BNEF-NEO-Gray_2021,Transportation,2030,7.626
BNEF-NEO-Gray_2021,Transportation,2031,7.268
BNEF-NEO-Gray_2021,Transportation,2032,6.808
BNEF-NEO-Gray_2021,Transportation,2033,6.322
BNEF-NEO-Gray_2021,Transportation,2034,5.75
BNEF-NEO-Gray_2021,Transportation,2035,5.157
BNEF-NEO-Gray_2021,Transportation,2036,4.549
BNEF-NEO-Gray_2021,Transportation,2037,3.968
BNEF-NEO-Gray_2021,Transportation,2038,3.415
BNEF-NEO-Gray_2021,Transportation,2039,2.903
BNEF-NEO-Gray_2021,Transportation,2040,2.448
BNEF-NEO-Gray_2021,Transportation,2041,2.038
BNEF-NEO-Gray_2021,Transportation,2042,1.687
BNEF-NEO-Gray_2021,Transportation,2043,1.387
BNEF-NEO-Gray_2021,Transportation,2044,1.135
BNEF-NEO-Gray_2021,Transportation,2045,0.918
BNEF-NEO-Gray_2021,Transportation,2046,0.734
BNEF-NEO-Gray_2021,Transportation,2047,0.571
BNEF-NEO-Gray_2021,Transportation,2048,0.429
BNEF-NEO-Gray_2021,Transportation,2049,0.299
BNEF-NEO-Gray_2021,Transportation,2050,0.154
BNEF-NEO-Gray_2021,Industry,2020,11.724
BNEF-NEO-Gray_2021,Industry,2021,11.829
BNEF-NEO-Gray_2021,Industry,2022,12.067
BNEF-NEO-Gray_2021,Industry,2023,12.073
BNEF-NEO-Gray_2021,Industry,2024,12.028
BNEF-NEO-Gray_2021,Industry,2025,11.714
BNEF-NEO-Gray_2021,Industry,2026,11.311
BNEF-NEO-Gray_2021,Industry,2027,10.793
BNEF-NEO-Gray_2021,Industry,2028,9.977
BNEF-NEO-Gray_2021,Industry,2029,9.013
BNEF-NEO-Gray_2021,Industry,2030,8.255
BNEF-NEO-Gray_2021,Industry,2031,7.722
BNEF-NEO-Gray_2021,Industry,2032,7.176
BNEF-NEO-Gray_2021,Industry,2033,6.717
BNEF-NEO-Gray_2021,Industry,2034,6.248
BNEF-NEO-Gray_2021,Industry,2035,5.816
BNEF-NEO-Gray_2021,Industry,2036,5.405
BNEF-NEO-Gray_2021,Industry,2037,5.002
BNEF-NEO-Gray_2021,Industry,2038,4.631
BNEF-NEO-Gray_2021,Industry,2039,4.275
BNEF-NEO-Gray_2021,Industry,2040,3.962
BNEF-NEO-Gray_2021,Industry,2041,3.665
BNEF-NEO-Gray_2021,Industry,2042,3.363
BNEF-NEO-Gray_2021,Industry,2043,3.064
BNEF-NEO-Gray_2021,Industry,2044,2.774
BNEF-NEO-Gray_2021,Industry,2045,2.475
BNEF-NEO-Gray_2021,Industry,2046,2.185
BNEF-NEO-Gray_2021,Industry,2047,1.887
BNEF-NEO-Gray_2021,Industry,2048,1.606
BNEF-NEO-Gray_2021,Industry,2049,1.322
BNEF-NEO-Gray_2021,Industry,2050,0.997
BNEF-NEO-Gray_2021,Total,2020,29.801
BNEF-NEO-Gray_2021,Total,2021,31.04
BNEF-NEO-Gray_2021,Total,2022,31.754
BNEF-NEO-Gray_2021,Total,2023,31.681
BNEF-NEO-Gray_2021,Total,2024,31.537
BNEF-NEO-Gray_2021,Total,2025,30.858
BNEF-NEO-Gray_2021,Total,2026,29.951
BNEF-NEO-Gray_2021,Total,2027,28.806
BNEF-NEO-Gray_2021,Total,2028,26.992
BNEF-NEO-Gray_2021,Total,2029,24.848
BNEF-NEO-Gray_2021,Total,2030,22.926
BNEF-NEO-Gray_2021,Total,2031,21.393
BNEF-NEO-Gray_2021,Total,2032,19.819
BNEF-NEO-Gray_2021,Total,2033,18.398
BNEF-NEO-Gray_2021,Total,2034,16.883
BNEF-NEO-Gray_2021,Total,2035,15.432
BNEF-NEO-Gray_2021,Total,2036,14.007
BNEF-NEO-Gray_2021,Total,2037,12.65
BNEF-NEO-Gray_2021,Total,2038,11.384
BNEF-NEO-Gray_2021,Total,2039,10.201
BNEF-NEO-Gray_2021,Total,2040,9.162
BNEF-NEO-Gray_2021,Total,2041,8.203
BNEF-NEO-Gray_2021,Total,2042,7.304
BNEF-NEO-Gray_2021,Total,2043,6.474
BNEF-NEO-Gray_2021,Total,2044,5.708
BNEF-NEO-Gray_2021,Total,2045,4.97
BNEF-NEO-Gray_2021,Total,2046,4.281
BNEF-NEO-Gray_2021,Total,2047,3.603
BNEF-NEO-Gray_2021,Total,2048,2.979
BNEF-NEO-Gray_2021,Total,2049,2.365
BNEF-NEO-Gray_2021,Total,2050,1.633
BNEF-NEO-Green_2021,Buildings,2020,8.103
BNEF-NEO-Green_2021,Buildings,2021,8.297
BNEF-NEO-Green_2021,Buildings,2022,8.258
BNEF-NEO-Green_2021,Buildings,2023,8.084
BNEF-NEO-Green_2021,Buildings,2024,7.902
BNEF-NEO-Green_2021,Buildings,2025,7.529
BNEF-NEO-Green_2021,Buildings,2026,7.134
BNEF-NEO-Green_2021,Buildings,2027,6.699
BNEF-NEO-Green_2021,Buildings,2028,5.989
BNEF-NEO-Green_2021,Buildings,2029,5.276
BNEF-NEO-Green_2021,Buildings,2030,4.724
BNEF-NEO-Green_2021,Buildings,2031,4.306
BNEF-NEO-Green_2021,Buildings,2032,3.894
BNEF-NEO-Green_2021,Buildings,2033,3.513
BNEF-NEO-Green_2021,Buildings,2034,3.228
BNEF-NEO-Green_2021,Buildings,2035,2.949
BNEF-NEO-Green_2021,Buildings,2036,2.691
BNEF-NEO-Green_2021,Buildings,2037,2.456
BNEF-NEO-Green_2021,Buildings,2038,2.231
BNEF-NEO-Green_2021,Buildings,2039,2.013
BNEF-NEO-Green_2021,Buildings,2040,1.814
BNEF-NEO-Green_2021,Buildings,2041,1.617
BNEF-NEO-Green_2021,Buildings,2042,1.439
BNEF-NEO-Green_2021,Buildings,2043,1.263
BNEF-NEO-Green_2021,Buildings,2044,1.086
BNEF-NEO-Green_2021,Buildings,2045,0.913
BNEF-NEO-Green_2021,Buildings,2046,0.74
BNEF-NEO-Green_2021,Buildings,2047,0.563
BNEF-NEO-Green_2021,Buildings,2048,0.387
BNEF-NEO-Green_2021,Buildings,2049,0.219
BNEF-NEO-Green_2021,Buildings,2050,0
BNEF-NEO-Green_2021,Transportation,2020,7.078
BNEF-NEO-Green_2021,Transportation,2021,7.825
BNEF-NEO-Green_2021,Transportation,2022,8.282
BNEF-NEO-Green_2021,Transportation,2023,8.385
BNEF-NEO-Green_2021,Transportation,2024,8.476
BNEF-NEO-Green_2021,Transportation,2025,8.495
BNEF-NEO-Green_2021,Transportation,2026,8.459
BNEF-NEO-Green_2021,Transportation,2027,8.372
BNEF-NEO-Green_2021,Transportation,2028,8.19
BNEF-NEO-Green_2021,Transportation,2029,7.951
BNEF-NEO-Green_2021,Transportation,2030,7.631
BNEF-NEO-Green_2021,Transportation,2031,7.272
BNEF-NEO-Green_2021,Transportation,2032,6.803
BNEF-NEO-Green_2021,Transportation,2033,6.309
BNEF-NEO-Green_2021,Transportation,2034,5.732
BNEF-NEO-Green_2021,Transportation,2035,5.13
BNEF-NEO-Green_2021,Transportation,2036,4.516
BNEF-NEO-Green_2021,Transportation,2037,3.932
BNEF-NEO-Green_2021,Transportation,2038,3.371
BNEF-NEO-Green_2021,Transportation,2039,2.851
BNEF-NEO-Green_2021,Transportation,2040,2.384
BNEF-NEO-Green_2021,Transportation,2041,1.96
BNEF-NEO-Green_2021,Transportation,2042,1.601
BNEF-NEO-Green_2021,Transportation,2043,1.293
BNEF-NEO-Green_2021,Transportation,2044,1.031
BNEF-NEO-Green_2021,Transportation,2045,0.808
BNEF-NEO-Green_2021,Transportation,2046,0.616
BNEF-NEO-Green_2021,Transportation,2047,0.446
BNEF-NEO-Green_2021,Transportation,2048,0.293
BNEF-NEO-Green_2021,Transportation,2049,0.154
BNEF-NEO-Green_2021,Transportation,2050,0
BNEF-NEO-Green_2021,Industry,2020,11.724
BNEF-NEO-Green_2021,Industry,2021,11.829
BNEF-NEO-Green_2021,Industry,2022,12.067
BNEF-NEO-Green_2021,Industry,2023,12.071
BNEF-NEO-Green_2021,Industry,2024,12.019
BNEF-NEO-Green_2021,Industry,2025,11.725
BNEF-NEO-Green_2021,Industry,2026,11.342
BNEF-NEO-Green_2021,Industry,2027,10.845
BNEF-NEO-Green_2021,Industry,2028,9.99
BNEF-NEO-Green_2021,Industry,2029,9.07
BNEF-NEO-Green_2021,Industry,2030,8.388
BNEF-NEO-Green_2021,Industry,2031,7.869
BNEF-NEO-Green_2021,Industry,2032,7.236
BNEF-NEO-Green_2021,Industry,2033,6.622
BNEF-NEO-Green_2021,Industry,2034,6.111
BNEF-NEO-Green_2021,Industry,2035,5.57
BNEF-NEO-Green_2021,Industry,2036,5.111
BNEF-NEO-Green_2021,Industry,2037,4.689
BNEF-NEO-Green_2021,Industry,2038,4.273
BNEF-NEO-Green_2021,Industry,2039,3.858
BNEF-NEO-Green_2021,Industry,2040,3.473
BNEF-NEO-Green_2021,Industry,2041,3.095
BNEF-NEO-Green_2021,Industry,2042,2.746
BNEF-NEO-Green_2021,Industry,2043,2.398
BNEF-NEO-Green_2021,Industry,2044,2.049
BNEF-NEO-Green_2021,Industry,2045,1.708
BNEF-NEO-Green_2021,Industry,2046,1.371
BNEF-NEO-Green_2021,Industry,2047,1.031
BNEF-NEO-Green_2021,Industry,2048,0.693
BNEF-NEO-Green_2021,Industry,2049,0.365
BNEF-NEO-Green_2021,Industry,2050,0
BNEF-NEO-Green_2021,Total,2020,29.801
BNEF-NEO-Green_2021,Total,2021,31.04
BNEF-NEO-Green_2021,Total,2022,31.757
BNEF-NEO-Green_2021,Total,2023,31.675
BNEF-NEO-Green_2021,Total,2024,31.514
BNEF-NEO-Green_2021,Total,2025,30.825
BNEF-NEO-Green_2021,Total,2026,29.949
BNEF-NEO-Green_2021,Total,2027,28.826
BNEF-NEO-Green_2021,Total,2028,26.906
BNEF-NEO-Green_2021,Total,2029,24.83
BNEF-NEO-Green_2021,Total,2030,23.077
BNEF-NEO-Green_2021,Total,2031,21.566
BNEF-NEO-Green_2021,Total,2032,19.826
BNEF-NEO-Green_2021,Total,2033,18.122
BNEF-NEO-Green_2021,Total,2034,16.56
BNEF-NEO-Green_2021,Total,2035,14.956
BNEF-NEO-Green_2021,Total,2036,13.46
BNEF-NEO-Green_2021,Total,2037,12.077
BNEF-NEO-Green_2021,Total,2038,10.745
BNEF-NEO-Green_2021,Total,2039,9.473
BNEF-NEO-Green_2021,Total,2040,8.318
BNEF-NEO-Green_2021,Total,2041,7.225
BNEF-NEO-Green_2021,Total,2042,6.258
BNEF-NEO-Green_2021,Total,2043,5.352
BNEF-NEO-Green_2021,Total,2044,4.492
BNEF-NEO-Green_2021,Total,2045,3.69
BNEF-NEO-Green_2021,Total,2046,2.93
BNEF-NEO-Green_2021,Total,2047,2.188
BNEF-NEO-Green_2021,Total,2048,1.468
BNEF-NEO-Green_2021,Total,2049,0.786
BNEF-NEO-Green_2021,Total,2050,0
BNEF-NEO-Red_2021,Buildings,2020,8.103
BNEF-NEO-Red_2021,Buildings,2021,8.297
BNEF-NEO-Red_2021,Buildings,2022,8.258
BNEF-NEO-Red_2021,Buildings,2023,8.081
BNEF-NEO-Red_2021,Buildings,2024,7.896
BNEF-NEO-Red_2021,Buildings,2025,7.518
BNEF-NEO-Red_2021,Buildings,2026,7.131
BNEF-NEO-Red_2021,Buildings,2027,6.665
BNEF-NEO-Red_2021,Buildings,2028,5.914
BNEF-NEO-Red_2021,Buildings,2029,5.264
BNEF-NEO-Red_2021,Buildings,2030,4.735
BNEF-NEO-Red_2021,Buildings,2031,4.351
BNEF-NEO-Red_2021,Buildings,2032,4
BNEF-NEO-Red_2021,Buildings,2033,3.668
BNEF-NEO-Red_2021,Buildings,2034,3.359
BNEF-NEO-Red_2021,Buildings,2035,3.075
BNEF-NEO-Red_2021,Buildings,2036,2.813
BNEF-NEO-Red_2021,Buildings,2037,2.565
BNEF-NEO-Red_2021,Buildings,2038,2.342
BNEF-NEO-Red_2021,Buildings,2039,2.127
BNEF-NEO-Red_2021,Buildings,2040,1.928
BNEF-NEO-Red_2021,Buildings,2041,1.732
BNEF-NEO-Red_2021,Buildings,2042,1.542
BNEF-NEO-Red_2021,Buildings,2043,1.354
BNEF-NEO-Red_2021,Buildings,2044,1.169
BNEF-NEO-Red_2021,Buildings,2045,0.983
BNEF-NEO-Red_2021,Buildings,2046,0.798
BNEF-NEO-Red_2021,Buildings,2047,0.61
BNEF-NEO-Red_2021,Buildings,2048,0.426
BNEF-NEO-Red_2021,Buildings,2049,0.248
BNEF-NEO-Red_2021,Buildings,2050,0
BNEF-NEO-Red_2021,Transportation,2020,7.078
BNEF-NEO-Red_2021,Transportation,2021,7.825
BNEF-NEO-Red_2021,Transportation,2022,8.282
BNEF-NEO-Red_2021,Transportation,2023,8.385
BNEF-NEO-Red_2021,Transportation,2024,8.477
BNEF-NEO-Red_2021,Transportation,2025,8.496
BNEF-NEO-Red_2021,Transportation,2026,8.458
BNEF-NEO-Red_2021,Transportation,2027,8.363
BNEF-NEO-Red_2021,Transportation,2028,8.164
BNEF-NEO-Red_2021,Transportation,2029,7.951
BNEF-NEO-Red_2021,Transportation,2030,7.648
BNEF-NEO-Red_2021,Transportation,2031,7.293
BNEF-NEO-Red_2021,Transportation,2032,6.832
BNEF-NEO-Red_2021,Transportation,2033,6.341
BNEF-NEO-Red_2021,Transportation,2034,5.765
BNEF-NEO-Red_2021,Transportation,2035,5.168
BNEF-NEO-Red_2021,Transportation,2036,4.557
BNEF-NEO-Red_2021,Transportation,2037,3.97
BNEF-NEO-Red_2021,Transportation,2038,3.413
BNEF-NEO-Red_2021,Transportation,2039,2.897
BNEF-NEO-Red_2021,Transportation,2040,2.432
BNEF-NEO-Red_2021,Transportation,2041,2.008
BNEF-NEO-Red_2021,Transportation,2042,1.647
BNEF-NEO-Red_2021,Transportation,2043,1.335
BNEF-NEO-Red_2021,Transportation,2044,1.068
BNEF-NEO-Red_2021,Transportation,2045,0.839
BNEF-NEO-Red_2021,Transportation,2046,0.643
BNEF-NEO-Red_2021,Transportation,2047,0.467
BNEF-NEO-Red_2021,Transportation,2048,0.31
BNEF-NEO-Red_2021,Transportation,2049,0.167
BNEF-NEO-Red_2021,Transportation,2050,0
BNEF-NEO-Red_2021,Industry,2020,11.723
BNEF-NEO-Red_2021,Industry,2021,11.828
BNEF-NEO-Red_2021,Industry,2022,12.067
BNEF-NEO-Red_2021,Industry,2023,12.075
BNEF-NEO-Red_2021,Industry,2024,12.037
BNEF-NEO-Red_2021,Industry,2025,11.751
BNEF-NEO-Red_2021,Industry,2026,11.37
BNEF-NEO-Red_2021,Industry,2027,10.811
BNEF-NEO-Red_2021,Industry,2028,9.783
BNEF-NEO-Red_2021,Industry,2029,8.985
BNEF-NEO-Red_2021,Industry,2030,8.4
BNEF-NEO-Red_2021,Industry,2031,7.92
BNEF-NEO-Red_2021,Industry,2032,7.36
BNEF-NEO-Red_2021,Industry,2033,6.805
BNEF-NEO-Red_2021,Industry,2034,6.269
BNEF-NEO-Red_2021,Industry,2035,5.736
BNEF-NEO-Red_2021,Industry,2036,5.282
BNEF-NEO-Red_2021,Industry,2037,4.837
BNEF-NEO-Red_2021,Industry,2038,4.427
BNEF-NEO-Red_2021,Industry,2039,4.026
BNEF-NEO-Red_2021,Industry,2040,3.641
BNEF-NEO-Red_2021,Industry,2041,3.265
BNEF-NEO-Red_2021,Industry,2042,2.894
BNEF-NEO-Red_2021,Industry,2043,2.526
BNEF-NEO-Red_2021,Industry,2044,2.161
BNEF-NEO-Red_2021,Industry,2045,1.799
BNEF-NEO-Red_2021,Industry,2046,1.441
BNEF-NEO-Red_2021,Industry,2047,1.082
BNEF-NEO-Red_2021,Industry,2048,0.73
BNEF-NEO-Red_2021,Industry,2049,0.388
BNEF-NEO-Red_2021,Industry,2050,0
BNEF-NEO-Red_2021,Total,2020,29.799
BNEF-NEO-Red_2021,Total,2021,31.04
BNEF-NEO-Red_2021,Total,2022,31.757
BNEF-NEO-Red_2021,Total,2023,31.678
BNEF-NEO-Red_2021,Total,2024,31.532
BNEF-NEO-Red_2021,Total,2025,30.849
BNEF-NEO-Red_2021,Total,2026,29.984
BNEF-NEO-Red_2021,Total,2027,28.748
BNEF-NEO-Red_2021,Total,2028,26.554
BNEF-NEO-Red_2021,Total,2029,24.697
BNEF-NEO-Red_2021,Total,2030,23.106
BNEF-NEO-Red_2021,Total,2031,21.682
BNEF-NEO-Red_2021,Total,2032,20.099
BNEF-NEO-Red_2021,Total,2033,18.519
BNEF-NEO-Red_2021,Total,2034,16.905
BNEF-NEO-Red_2021,Total,2035,15.313
BNEF-NEO-Red_2021,Total,2036,13.824
BNEF-NEO-Red_2021,Total,2037,12.398
BNEF-NEO-Red_2021,Total,2038,11.078
BNEF-NEO-Red_2021,Total,2039,9.832
BNEF-NEO-Red_2021,Total,2040,8.678
BNEF-NEO-Red_2021,Total,2041,7.589
BNEF-NEO-Red_2021,Total,2042,6.581
BNEF-NEO-Red_2021,Total,2043,5.636
BNEF-NEO-Red_2021,Total,2044,4.746
BNEF-NEO-Red_2021,Total,2045,3.899
BNEF-NEO-Red_2021,Total,2046,3.097
BNEF-NEO-Red_2021,Total,2047,2.315
BNEF-NEO-Red_2021,Total,2048,1.567
BNEF-NEO-Red_2021,Total,2049,0.854
BNEF-NEO-Red_2021,Total,2050,0
IEA-WEO-STEPS_2021,Buildings,2020,2.91722
IEA-WEO-STEPS_2021,Buildings,2021,2.89607
IEA-WEO-STEPS_2021,Buildings,2022,2.87492
IEA-WEO-STEPS_2021,Buildings,2023,2.85377
IEA-WEO-STEPS_2021,Buildings,2024,2.83262
IEA-WEO-STEPS_2021,Buildings,2025,2.81147
IEA-WEO-STEPS_2021,Buildings,2026,2.79032
IEA-WEO-STEPS_2021,Buildings,2027,2.76917
IEA-WEO-STEPS_2021,Buildings,2028,2.74802
IEA-WEO-STEPS_2021,Buildings,2029,2.72687
IEA-WEO-STEPS_2021,Buildings,2030,2.70572
IEA-WEO-STEPS_2021,Buildings,2031,2.694735
IEA-WEO-STEPS_2021,Buildings,2032,2.68375
IEA-WEO-STEPS_2021,Buildings,2033,2.672765
IEA-WEO-STEPS_2021,Buildings,2034,2.66178
IEA-WEO-STEPS_2021,Buildings,2035,2.650795
IEA-WEO-STEPS_2021,Buildings,2036,2.63981
IEA-WEO-STEPS_2021,Buildings,2037,2.628825
IEA-WEO-STEPS_2021,Buildings,2038,2.61784
IEA-WEO-STEPS_2021,Buildings,2039,2.606855
IEA-WEO-STEPS_2021,Buildings,2040,2.59587
IEA-WEO-STEPS_2021,Buildings,2041,2.585655
IEA-WEO-STEPS_2021,Buildings,2042,2.57544
IEA-WEO-STEPS_2021,Buildings,2043,2.565225
IEA-WEO-STEPS_2021,Buildings,2044,2.55501
IEA-WEO-STEPS_2021,Buildings,2045,2.544795
IEA-WEO-STEPS_2021,Buildings,2046,2.53458
IEA-WEO-STEPS_2021,Buildings,2047,2.524365
IEA-WEO-STEPS_2021,Buildings,2048,2.51415
IEA-WEO-STEPS_2021,Buildings,2049,2.503935
IEA-WEO-STEPS_2021,Buildings,2050,2.49372
IEA-WEO-STEPS_2021,Transportation,2020,7.10204
IEA-WEO-STEPS_2021,Transportation,2021,7.280452
IEA-WEO-STEPS_2021,Transportation,2022,7.458864
IEA-WEO-STEPS_2021,Transportation,2023,7.637276
IEA-WEO-STEPS_2021,Transportation,2024,7.815688
IEA-WEO-STEPS_2021,Transportation,2025,7.9941
IEA-WEO-STEPS_2021,Transportation,2026,8.172512
IEA-WEO-STEPS_2021,Transportation,2027,8.350924
IEA-WEO-STEPS_2021,Transportation,2028,8.529336
IEA-WEO-STEPS_2021,Transportation,2029,8.707748
IEA-WEO-STEPS_2021,Transportation,2030,8.88616
IEA-WEO-STEPS_2021,Transportation,2031,8.905708
IEA-WEO-STEPS_2021,Transportation,2032,8.925256
IEA-WEO-STEPS_2021,Transportation,2033,8.944804
IEA-WEO-STEPS_2021,Transportation,2034,8.964352
IEA-WEO-STEPS_2021,Transportation,2035,8.9839
IEA-WEO-STEPS_2021,Transportation,2036,9.003448
IEA-WEO-STEPS_2021,Transportation,2037,9.022996
IEA-WEO-STEPS_2021,Transportation,2038,9.042544
IEA-WEO-STEPS_2021,Transportation,2039,9.062092
IEA-WEO-STEPS_2021,Transportation,2040,9.08164
IEA-WEO-STEPS_2021,Transportation,2041,9.096418
IEA-WEO-STEPS_2021,Transportation,2042,9.111196
IEA-WEO-STEPS_2021,Transportation,2043,9.125974
IEA-WEO-STEPS_2021,Transportation,2044,9.140752
IEA-WEO-STEPS_2021,Transportation,2045,9.15553
IEA-WEO-STEPS_2021,Transportation,2046,9.170308
IEA-WEO-STEPS_2021,Transportation,2047,9.185086
IEA-WEO-STEPS_2021,Transportation,2048,9.199864
IEA-WEO-STEPS_2021,Transportation,2049,9.214642
IEA-WEO-STEPS_2021,Transportation,2050,9.22942
IEA-WEO-STEPS_2021,Industry,2020,8.73616
IEA-WEO-STEPS_2021,Industry,2021,8.870294
IEA-WEO-STEPS_2021,Industry,2022,9.004428
IEA-WEO-STEPS_2021,Industry,2023,9.138562
IEA-WEO-STEPS_2021,Industry,2024,9.272696
IEA-WEO-STEPS_2021,Industry,2025,9.40683
IEA-WEO-STEPS_2021,Industry,2026,9.540964
IEA-WEO-STEPS_2021,Industry,2027,9.675098
IEA-WEO-STEPS_2021,Industry,2028,9.809232
IEA-WEO-STEPS_2021,Industry,2029,9.943366
IEA-WEO-STEPS_2021,Industry,2030,10.0775
IEA-WEO-STEPS_2021,Industry,2031,10.10069
IEA-WEO-STEPS_2021,Industry,2032,10.12388
IEA-WEO-STEPS_2021,Industry,2033,10.14707
IEA-WEO-STEPS_2021,Industry,2034,10.17026
IEA-WEO-STEPS_2021,Industry,2035,10.19345
IEA-WEO-STEPS_2021,Industry,2036,10.21664
IEA-WEO-STEPS_2021,Industry,2037,10.23983
IEA-WEO-STEPS_2021,Industry,2038,10.26302
IEA-WEO-STEPS_2021,Industry,2039,10.28621
IEA-WEO-STEPS_2021,Industry,2040,10.3094
IEA-WEO-STEPS_2021,Industry,2041,10.28522
IEA-WEO-STEPS_2021,Industry,2042,10.26104
IEA-WEO-STEPS_2021,Industry,2043,10.23686
IEA-WEO-STEPS_2021,Industry,2044,10.21268
IEA-WEO-STEPS_2021,Industry,2045,10.1885
IEA-WEO-STEPS_2021,Industry,2046,10.16432
IEA-WEO-STEPS_2021,Industry,2047,10.14014
IEA-WEO-STEPS_2021,Industry,2048,10.11596
IEA-WEO-STEPS_2021,Industry,2049,10.09178
IEA-WEO-STEPS_2021,Industry,2050,10.0676
IEA-WEO-STEPS_2021,Total,2020,34.1561
IEA-WEO-STEPS_2021,Total,2021,34.36722
IEA-WEO-STEPS_2021,Total,2022,34.57834
IEA-WEO-STEPS_2021,Total,2023,34.78946
IEA-WEO-STEPS_2021,Total,2024,35.00058
IEA-WEO-STEPS_2021,Total,2025,35.2117
IEA-WEO-STEPS_2021,Total,2026,35.42282
IEA-WEO-STEPS_2021,Total,2027,35.63394
IEA-WEO-STEPS_2021,Total,2028,35.84506
IEA-WEO-STEPS_2021,Total,2029,36.05618
IEA-WEO-STEPS_2021,Total,2030,36.2673
IEA-WEO-STEPS_2021,Total,2031,36.17172
IEA-WEO-STEPS_2021,Total,2032,36.07614
IEA-WEO-STEPS_2021,Total,2033,35.98056
IEA-WEO-STEPS_2021,Total,2034,35.88498
IEA-WEO-STEPS_2021,Total,2035,35.7894
IEA-WEO-STEPS_2021,Total,2036,35.69382
IEA-WEO-STEPS_2021,Total,2037,35.59824
IEA-WEO-STEPS_2021,Total,2038,35.50266
IEA-WEO-STEPS_2021,Total,2039,35.40708
IEA-WEO-STEPS_2021,Total,2040,35.3115
IEA-WEO-STEPS_2021,Total,2041,35.17067
IEA-WEO-STEPS_2021,Total,2042,35.02984
IEA-WEO-STEPS_2021,Total,2043,34.88901
IEA-WEO-STEPS_2021,Total,2044,34.74818
IEA-WEO-STEPS_2021,Total,2045,34.60735
IEA-WEO-STEPS_2021,Total,2046,34.46652
IEA-WEO-STEPS_2021,Total,2047,34.32569
IEA-WEO-STEPS_2021,Total,2048,34.18486
IEA-WEO-STEPS_2021,Total,2049,34.04403
IEA-WEO-STEPS_2021,Total,2050,33.9032
IEA-WEO-AP_2021,Buildings,2020,2.91722
IEA-WEO-AP_2021,Buildings,2021,2.873104
IEA-WEO-AP_2021,Buildings,2022,2.828988
IEA-WEO-AP_2021,Buildings,2023,2.784872
IEA-WEO-AP_2021,Buildings,2024,2.740756
IEA-WEO-AP_2021,Buildings,2025,2.69664
IEA-WEO-AP_2021,Buildings,2026,2.652524
IEA-WEO-AP_2021,Buildings,2027,2.608408
IEA-WEO-AP_2021,Buildings,2028,2.564292
IEA-WEO-AP_2021,Buildings,2029,2.520176
IEA-WEO-AP_2021,Buildings,2030,2.47606
IEA-WEO-AP_2021,Buildings,2031,2.41866
IEA-WEO-AP_2021,Buildings,2032,2.36126
IEA-WEO-AP_2021,Buildings,2033,2.30386
IEA-WEO-AP_2021,Buildings,2034,2.24646
IEA-WEO-AP_2021,Buildings,2035,2.18906
IEA-WEO-AP_2021,Buildings,2036,2.13166
IEA-WEO-AP_2021,Buildings,2037,2.07426
IEA-WEO-AP_2021,Buildings,2038,2.01686
IEA-WEO-AP_2021,Buildings,2039,1.95946
IEA-WEO-AP_2021,Buildings,2040,1.90206
IEA-WEO-AP_2021,Buildings,2041,1.870754
IEA-WEO-AP_2021,Buildings,2042,1.839448
IEA-WEO-AP_2021,Buildings,2043,1.808142
IEA-WEO-AP_2021,Buildings,2044,1.776836
IEA-WEO-AP_2021,Buildings,2045,1.74553
IEA-WEO-AP_2021,Buildings,2046,1.714224
IEA-WEO-AP_2021,Buildings,2047,1.682918
IEA-WEO-AP_2021,Buildings,2048,1.651612
IEA-WEO-AP_2021,Buildings,2049,1.620306
IEA-WEO-AP_2021,Buildings,2050,1.589
IEA-WEO-AP_2021,Total,2020,34.1561
IEA-WEO-AP_2021,Total,2021,34.10444
IEA-WEO-AP_2021,Total,2022,34.05278
IEA-WEO-AP_2021,Total,2023,34.00112
IEA-WEO-AP_2021,Total,2024,33.94946
IEA-WEO-AP_2021,Total,2025,33.8978
IEA-WEO-AP_2021,Total,2026,33.84614
IEA-WEO-AP_2021,Total,2027,33.79448
IEA-WEO-AP_2021,Total,2028,33.74282
IEA-WEO-AP_2021,Total,2029,33.69116
IEA-WEO-AP_2021,Total,2030,33.6395
IEA-WEO-AP_2021,Total,2031,32.9477
IEA-WEO-AP_2021,Total,2032,32.2559
IEA-WEO-AP_2021,Total,2033,31.5641
IEA-WEO-AP_2021,Total,2034,30.8723
IEA-WEO-AP_2021,Total,2035,30.1805
IEA-WEO-AP_2021,Total,2036,29.4887
IEA-WEO-AP_2021,Total,2037,28.7969
IEA-WEO-AP_2021,Total,2038,28.1051
IEA-WEO-AP_2021,Total,2039,27.4133
IEA-WEO-AP_2021,Total,2040,26.7215
IEA-WEO-AP_2021,Total,2041,26.1219
IEA-WEO-AP_2021,Total,2042,25.5223
IEA-WEO-AP_2021,Total,2043,24.9227
IEA-WEO-AP_2021,Total,2044,24.3231
IEA-WEO-AP_2021,Total,2045,23.7235
IEA-WEO-AP_2021,Total,2046,23.1239
IEA-WEO-AP_2021,Total,2047,22.5243
IEA-WEO-AP_2021,Total,2048,21.9247
IEA-WEO-AP_2021,Total,2049,21.3251
IEA-WEO-AP_2021,Total,2050,20.7255
IEA-WEO-AP_2021,Industry,2020,8.73616
IEA-WEO-AP_2021,Industry,2021,8.828604
IEA-WEO-AP_2021,Industry,2022,8.921048
IEA-WEO-AP_2021,Industry,2023,9.013492
IEA-WEO-AP_2021,Industry,2024,9.105936
IEA-WEO-AP_2021,Industry,2025,9.19838
IEA-WEO-AP_2021,Industry,2026,9.290824
IEA-WEO-AP_2021,Industry,2027,9.383268
IEA-WEO-AP_2021,Industry,2028,9.475712
IEA-WEO-AP_2021,Industry,2029,9.568156
IEA-WEO-AP_2021,Industry,2030,9.6606
IEA-WEO-AP_2021,Industry,2031,9.490313
IEA-WEO-AP_2021,Industry,2032,9.320026
IEA-WEO-AP_2021,Industry,2033,9.149739
IEA-WEO-AP_2021,Industry,2034,8.979452
IEA-WEO-AP_2021,Industry,2035,8.809165
IEA-WEO-AP_2021,Industry,2036,8.638878
IEA-WEO-AP_2021,Industry,2037,8.468591
IEA-WEO-AP_2021,Industry,2038,8.298304
IEA-WEO-AP_2021,Industry,2039,8.128017
IEA-WEO-AP_2021,Industry,2040,7.95773
IEA-WEO-AP_2021,Industry,2041,7.810274
IEA-WEO-AP_2021,Industry,2042,7.662818
IEA-WEO-AP_2021,Industry,2043,7.515362
IEA-WEO-AP_2021,Industry,2044,7.367906
IEA-WEO-AP_2021,Industry,2045,7.22045
IEA-WEO-AP_2021,Industry,2046,7.072994
IEA-WEO-AP_2021,Industry,2047,6.925538
IEA-WEO-AP_2021,Industry,2048,6.778082
IEA-WEO-AP_2021,Industry,2049,6.630626
IEA-WEO-AP_2021,Industry,2050,6.48317
IEA-WEO-AP_2021,Transportation,2020,7.10204
IEA-WEO-AP_2021,Transportation,2021,7.206703
IEA-WEO-AP_2021,Transportation,2022,7.311366
IEA-WEO-AP_2021,Transportation,2023,7.416029
IEA-WEO-AP_2021,Transportation,2024,7.520692
IEA-WEO-AP_2021,Transportation,2025,7.625355
IEA-WEO-AP_2021,Transportation,2026,7.730018
IEA-WEO-AP_2021,Transportation,2027,7.834681
IEA-WEO-AP_2021,Transportation,2028,7.939344
IEA-WEO-AP_2021,Transportation,2029,8.044007
IEA-WEO-AP_2021,Transportation,2030,8.14867
IEA-WEO-AP_2021,Transportation,2031,8.03499
IEA-WEO-AP_2021,Transportation,2032,7.92131
IEA-WEO-AP_2021,Transportation,2033,7.80763
IEA-WEO-AP_2021,Transportation,2034,7.69395
IEA-WEO-AP_2021,Transportation,2035,7.58027
IEA-WEO-AP_2021,Transportation,2036,7.46659
IEA-WEO-AP_2021,Transportation,2037,7.35291
IEA-WEO-AP_2021,Transportation,2038,7.23923
IEA-WEO-AP_2021,Transportation,2039,7.12555
IEA-WEO-AP_2021,Transportation,2040,7.01187
IEA-WEO-AP_2021,Transportation,2041,6.944597
IEA-WEO-AP_2021,Transportation,2042,6.877324
IEA-WEO-AP_2021,Transportation,2043,6.810051
IEA-WEO-AP_2021,Transportation,2044,6.742778
IEA-WEO-AP_2021,Transportation,2045,6.675505
IEA-WEO-AP_2021,Transportation,2046,6.608232
IEA-WEO-AP_2021,Transportation,2047,6.540959
IEA-WEO-AP_2021,Transportation,2048,6.473686
IEA-WEO-AP_2021,Transportation,2049,6.406413
IEA-WEO-AP_2021,Transportation,2050,6.33914